<Resolution>
	<item name="D1" Pvalue="704x576" Nvalue="704x480"/>
	<item name="HD1" Pvalue="352x576" Nvalue="352x480"/>
	<item name="BCIF" Pvalue="704x288" Nvalue="704x240"/>
	<item name="CIF" Pvalue="352x288" Nvalue="352x240"/>
	<item name="QCIF" Pvalue="176x144" Nvalue="176x120"/>
	<item name="NHD" Pvalue="640x360" Nvalue="640x360"/>
	<item name="VGA" Pvalue="640x480" Nvalue="640x480"/>
	<item name="QVGA" Pvalue="320x240" Nvalue="320x240"/>
	<item name="SVCD" Pvalue="480x480" Nvalue="480x480"/>
	<item name="QQVGA" Pvalue="160x128" Nvalue="160x128"/>
	<item name="SVGA" Pvalue="800x592" Nvalue="800x592"/>
	<item name="SVGA1" Pvalue="800x600" Nvalue="800x600"/>
	<item name="WVGA" Pvalue="800x480" Nvalue="800x480"/>
	<item name="FWVGA" Pvalue="854x480" Nvalue="854x480"/>
	<item name="DVGA" Pvalue="960x640" Nvalue="960x640"/>
	<item name="XVGA" Pvalue="1024x768" Nvalue="1024x768"/>
	<item name="WXGA" Pvalue="1280x800" Nvalue="1280x800"/>
	<item name="WXGA2" Pvalue="1280x768" Nvalue="1280x768"/>
	<item name="WXGA3" Pvalue="1280x854" Nvalue="1280x854"/>
	<item name="WXGA4" Pvalue="1366x768" Nvalue="1366x768"/>
	<item name="SXGA" Pvalue="1280x1024" Nvalue="1280x1024"/>
	<item name="SXGA+" Pvalue="1400x1050" Nvalue="1400x1050"/>
	<item name="WSXGA" Pvalue="1600x1024" Nvalue="1600x1024"/>
	<item name="UXGA" Pvalue="1600x1200" Nvalue="1600x1200"/>
	<item name="WUXGA" Pvalue="1920x1200" Nvalue="1920x1200"/>
	<item name="ND1" Pvalue="240x192" Nvalue="240x192"/>
	<item name="720P" Pvalue="1280x720" Nvalue="1280x720"/>
	<item name="1080P" Pvalue="1920x1080" Nvalue="1920x1080"/>
	<item name="1080N" Pvalue="960x1080" Nvalue="960x1080"/>
	<item name="QFHD" Pvalue="3840x2160" Nvalue="3840x2160"/>
	<item name="1_3M" Pvalue="1280x960" Nvalue="1280x960"/>
	<item name="2_5M" Pvalue="1872x1408" Nvalue="1872x1408"/>
	<item name="5M" Pvalue="3744x1408" Nvalue="3744x1408"/>
	<item name="3M" Pvalue="2048x1536" Nvalue="2048x1536"/>
	<item name="5_0M" Pvalue="2432x2048" Nvalue="2432x2048"/>
	<item name="1_2M" Pvalue="1216x1024" Nvalue="1216x1024"/>
	<item name="1408x1024" Pvalue="1408x1024" Nvalue="1408x1024"/>
	<item name="3296x2472" Pvalue="3296x2472" Nvalue="3296x2472"/>
	<item name="5_1M" Pvalue="2560x1920" Nvalue="2560x1920"/>
	<item name="960H" Pvalue="960x576" Nvalue="960x480"/>
	<item name="DV720P" Pvalue="960x720" Nvalue="960x720"/>
	<item name="2560x1600" Pvalue="2560x1600" Nvalue="2560x1600"/>
	<item name="2336x1752" Pvalue="2336x1752" Nvalue="2336x1752"/>
	<item name="2592x2048" Pvalue="2592x2048" Nvalue="2592x2048"/>
	<item name="1920x1440" Pvalue="1920x1440" Nvalue="1920x1440"/>
	<item name="2448x2048" Pvalue="2448x2048" Nvalue="2448x2048"/>
	<item name="2752x2208" Pvalue="2752x2208" Nvalue="2752x2208"/>
	<item name="WVGA" Pvalue="800x480" Nvalue="800x480"/>
	<item name="8_0M" Pvalue="3840x2160" Nvalue="3840x2160"/>
	<item name="8_8M" Pvalue="4096x2160" Nvalue="4096x2160"/>
	<item name="6_3M" Pvalue="3072x2048" Nvalue="3072x2048"/>
	<item name="4M" Pvalue="2048x2048" Nvalue="2048x2048"/>
	<item name="2304x1296" Pvalue="2304x1296" Nvalue="2304x1296"/>
	<item name="12M" Pvalue="4000x3000" Nvalue="4000x3000"/>
	<item name="9M" Pvalue="2880x2880" Nvalue="2880x2880"/>
	<item name="6M" Pvalue="2880x2160" Nvalue="2880x2160"/>
	<item name="HVGAW" Pvalue="640x360" Nvalue="640x360"/>
	<item name="320x180" Pvalue="320x180" Nvalue="320x180"/>
	<item name="3648x2736" Pvalue="3648x2736" Nvalue="3648x2736"/>
	<item name="4_1M" Pvalue="2592x1520" Nvalue="2592x1520"/>
	<item name="2560x2048" Pvalue="2560x2048" Nvalue="2560x2048"/>
	<item name="1920x1088" Pvalue="1920x1088" Nvalue="1920x1088"/>
	<item name="2560x1440" Pvalue="2560x1440" Nvalue="2560x1440"/>
	<item name="2048x1520" Pvalue="2048x1520" Nvalue="2048x1520"/>
	<item name="2592x2592" Pvalue="2592x2592" Nvalue="2592x2592"/>
	<item name="3392x2008" Pvalue="3392x2008" Nvalue="3392x2008"/>
	<item name="2592x1944" Pvalue="2592x1944" Nvalue="2592x1944"/>
	<item name="640x512" Pvalue="640x512" Nvalue="640x512"/>
	<item name="320x256" Pvalue="320x256" Nvalue="320x256"/>
	<item name="2688x1520" Pvalue="2688x1520" Nvalue="2688x1520"/>
	<item name="2912x2336" Pvalue="2912x2336" Nvalue="2912x2336"/>
	<item name="960x540" Pvalue="960x540" Nvalue="960x540"/>
	<item name="800x448" Pvalue="800x448" Nvalue="800x448"/>
	<item name="720x404" Pvalue="720x404" Nvalue="720x404"/>
	<item name="480x272" Pvalue="480x272" Nvalue="480x272"/>
	<item name="320x320" Pvalue="320x320" Nvalue="320x320"/>
	<item name="352x360" Pvalue="352x360" Nvalue="352x360"/>
	<item name="480x480" Pvalue="480x480" Nvalue="480x480"/>
	<item name="512x256" Pvalue="512x256" Nvalue="512x256"/>
	<item name="512x512" Pvalue="512x512" Nvalue="512x512"/>
	<item name="576x576" Pvalue="576x576" Nvalue="576x576"/>
	<item name="640x320" Pvalue="640x320" Nvalue="640x320"/>
	<item name="640x640" Pvalue="640x640" Nvalue="640x640"/>
	<item name="704x256" Pvalue="704x256" Nvalue="704x256"/>
	<item name="704x320" Pvalue="704x320" Nvalue="704x320"/>
	<item name="720x360" Pvalue="720x360" Nvalue="720x360"/>
	<item name="720x720" Pvalue="720x720" Nvalue="720x720"/>
	<item name="768x768" Pvalue="768x768" Nvalue="768x768"/>
	<item name="960x480" Pvalue="960x480" Nvalue="960x480"/>
	<item name="960x960" Pvalue="960x960" Nvalue="960x960"/>
	<item name="1024x512" Pvalue="1024x512" Nvalue="1024x512"/>
	<item name="1024x1024" Pvalue="1024x1024" Nvalue="1024x1024"/>
	<item name="1152x576" Pvalue="1152x576" Nvalue="1152x576"/>
	<item name="1152x1152" Pvalue="1152x1152" Nvalue="1152x1152"/>
	<item name="1216x1216" Pvalue="1216x1216" Nvalue="1216x1216"/>
	<item name="1280x480" Pvalue="1280x480" Nvalue="1280x480"/>
	<item name="1440x360" Pvalue="1440x360" Nvalue="1440x360"/>
	<item name="1536x768" Pvalue="1536x768" Nvalue="1536x768"/>
	<item name="1536x1536" Pvalue="1536x1536" Nvalue="1536x1536"/>
	<item name="1920x960" Pvalue="1920x960" Nvalue="1920x960"/>
	<item name="1920x1920" Pvalue="1920x1920" Nvalue="1920x1920"/>
	<item name="2048x512" Pvalue="2048x512" Nvalue="2048x512"/>
	<item name="2144x1072" Pvalue="2144x1072" Nvalue="2144x1072"/>
	<item name="2304x576" Pvalue="2304x576" Nvalue="2304x576"/>
	<item name="2304x1152" Pvalue="2304x1152" Nvalue="2304x1152"/>
	<item name="2304x2304" Pvalue="2304x2304" Nvalue="2304x2304"/>
	<item name="2432x1216" Pvalue="2432x1216" Nvalue="2432x1216"/>
	<item name="2432x2432" Pvalue="2432x2432" Nvalue="2432x2432"/>
	<item name="3072x768" Pvalue="3072x768" Nvalue="3072x768"/>
	<item name="3840x960" Pvalue="3840x960" Nvalue="3840x960"/>
	<item name="4288x1072" Pvalue="4288x1072" Nvalue="4288x1072"/>
	<item name="4608x1152" Pvalue="4608x1152" Nvalue="4608x1152"/>
	<item name="4864x1216" Pvalue="4864x1216" Nvalue="4864x1216"/>
	<item name="1072x1072" Pvalue="1072x1072" Nvalue="1072x1072"/>
	<item name="2144x2144" Pvalue="2144x2144" Nvalue="2144x2144"/>
	<item name="336x256" Pvalue="336x256" Nvalue="336x256"/>
	<item name="960x1080" Pvalue="960x1080" Nvalue="960x1080"/>
	<item name="4096x832" Pvalue="4096x832" Nvalue="4096x832"/>
	<item name="3840x780" Pvalue="3840x780" Nvalue="3840x780"/>
	<item name="2560x520" Pvalue="2560x520" Nvalue="2560x520"/>
	<item name="1024x208" Pvalue="1024x208" Nvalue="1024x208"/>
	<item name="1280x260" Pvalue="1280x260" Nvalue="1280x260"/>
	<item name="720x576" Pvalue="720x576" Nvalue="720x576"/>
	<item name="4096x1800" Pvalue="4096x1800" Nvalue="4096x1800"/>
	<item name="3840x1680" Pvalue="3840x1680" Nvalue="3840x1680"/>
	<item name="2880x1264" Pvalue="2880x1264" Nvalue="2880x1264"/>
	<item name="1024x452" Pvalue="1024x452" Nvalue="1024x452"/>
	<item name="1920x832" Pvalue="1920x832" Nvalue="1920x832"/>
	<item name="1280x560" Pvalue="1280x560" Nvalue="1280x560"/>
	<item name="3072x1728" Pvalue="3072x1728" Nvalue="3072x1728"/>
	<item name="432x240" Pvalue="432x240" Nvalue="432x240"/>
	<item name="784x440" Pvalue="784x440" Nvalue="784x440"/>
	<item name="2544x1920" Pvalue="2544x1920" Nvalue="2544x1920"/>
	<item name="3008x2264" Pvalue="3008x2264" Nvalue="3008x2264"/>
	<item name="4096x1024" Pvalue="4096x1024" Nvalue="4096x1024"/>
	<item name="1408x576" Pvalue="1408x576" Nvalue="1408x576"/>
	<item name="2560x720" Pvalue="2560x720" Nvalue="2560x720"/>
	<item name="2560x960" Pvalue="2560x960" Nvalue="2560x960"/>
	<item name="2560x1024" Pvalue="2560x1024" Nvalue="2560x1024"/>
	<item name="3840x1080" Pvalue="3840x1080" Nvalue="3840x1080"/>
	<item name="1936x1452" Pvalue="1936x1452" Nvalue="1936x1452"/>
	<item name="1520x1520" Pvalue="1520x1520" Nvalue="1520x1520"/>
	<item name="1088x1088" Pvalue="1088x1088" Nvalue="1088x1088"/>
	<item name="4096x2776" Pvalue="4096x2776" Nvalue="4096x2776"/>
	<item name="3840x1920" Pvalue="3840x1920" Nvalue="3840x1920"/>
	<item name="8640x3840" Pvalue="8640x3840" Nvalue="8640x3840"/>
	<item name="2880x3840" Pvalue="2880x3840" Nvalue="2880x3840"/>
	<item name="4096x1536" Pvalue="4096x1536" Nvalue="4096x1536"/>
	<item name="2880x1920" Pvalue="2880x1920" Nvalue="2880x1920"/>
	<item name="1280x1440" Pvalue="1280x1440" Nvalue="1280x1440"/>
	<item name="1284x560" Pvalue="1284x560" Nvalue="1284x560"/>
	<item name="1032x452" Pvalue="1032x452" Nvalue="1032x452"/>
	<item name="4096x2072" Pvalue="4096x2072" Nvalue="4096x2072"/>
	<item name="8192x1800" Pvalue="8192x1800" Nvalue="8192x1800"/>
	<item name="7680x1680" Pvalue="7680x1680" Nvalue="7680x1680"/>
	<item name="5760x1264" Pvalue="5760x1264" Nvalue="5760x1264"/>
	<item name="4096x900" Pvalue="4096x900" Nvalue="4096x900"/>
	<item name="3840x832" Pvalue="3840x832" Nvalue="3840x832"/>
	<item name="2560x560" Pvalue="2560x560" Nvalue="2560x560"/>
	<item name="2048x452" Pvalue="2048x452" Nvalue="2048x452"/>
	<item name="4800x3840" Pvalue="4800x3840" Nvalue="4800x3840"/>
	<item name="3200x2560" Pvalue="3200x2560" Nvalue="3200x2560"/>
	<item name="1600x1280" Pvalue="1600x1280" Nvalue="1600x1280"/>
	<item name="7168x1800" Pvalue="7168x1800" Nvalue="7168x1800"/>
	<item name="6720x1680" Pvalue="6720x1680" Nvalue="6720x1680"/>
	<item name="5040x1264" Pvalue="5040x1264" Nvalue="5040x1264"/>
	<item name="3584x900" Pvalue="3584x900" Nvalue="3584x900"/>
	<item name="3360x832" Pvalue="3360x832" Nvalue="3360x832"/>
	<item name="2240x560" Pvalue="2240x560" Nvalue="2240x560"/>
	<item name="1792x452" Pvalue="1792x452" Nvalue="1792x452"/>
	<item name="6144x1800" Pvalue="6144x1800" Nvalue="6144x1800"/>
	<item name="5760x1680" Pvalue="5760x1680" Nvalue="5760x1680"/>
	<item name="4320x1264" Pvalue="4320x1264" Nvalue="4320x1264"/>
	<item name="3072x900" Pvalue="3072x900" Nvalue="3072x900"/>
	<item name="2880x832" Pvalue="2880x832" Nvalue="2880x832"/>
	<item name="1920x560" Pvalue="1920x560" Nvalue="1920x560"/>
	<item name="1536x452" Pvalue="1536x452" Nvalue="1536x452"/>
	<item name="5120x1800" Pvalue="5120x1800" Nvalue="5120x1800"/>
	<item name="4800x1680" Pvalue="4800x1680" Nvalue="4800x1680"/>
	<item name="3600x1264" Pvalue="3600x1264" Nvalue="3600x1264"/>
	<item name="2560x900" Pvalue="2560x900" Nvalue="2560x900"/>
	<item name="2400x832" Pvalue="2400x832" Nvalue="2400x832"/>
	<item name="1600x560" Pvalue="1600x560" Nvalue="1600x560"/>
	<item name="1280x452" Pvalue="1280x452" Nvalue="1280x452"/>
	<item name="4800x1920" Pvalue="4800x1920" Nvalue="4800x1920"/>
	<item name="3200x1280" Pvalue="3200x1280" Nvalue="3200x1280"/>
	<item name="1600x640" Pvalue="1600x640" Nvalue="1600x640"/>
	<item name="2048x900" Pvalue="2048x900" Nvalue="2048x900"/>
	<item name="400x300" Pvalue="400x300" Nvalue="400x300"/>
	<item name="1200x1920" Pvalue="1200x1920" Nvalue="1200x1920"/>
</Resolution>